name,website,category1,category2,category3,category4
Acticare,shop.acticareuk.com,Health and Wellness,Lifestyle,,
AirPack Systems,airpacksystems.com,Tech,Products,Business,
Amber Group,www.ambergroup.co.uk,Business,Education,Personal Development,
AS Landscapes,www.as-landscapes.co.uk,Construction,DIY,Lifestyle,
Atmosphere IT,atmosphereit.co.uk,Tech,IT,,Business
Audax,audaxsecurity.co.uk,Tech,Events,,Business
Azzi Gambling,azzigambling.com,Gambling,,,
BCL timber,bcltimberprojects.co.uk,Construction,Architecture,,
Berkeley Castle,www.berkeleycastleweddings.co.uk,Weddings,Lifestyle,,
Bounty Road,www.bountyroaddental.co.uk,Health and Wellness,Beauty,,
Bravequest,www.fulfilmentservicesuk.co.uk,Business,Products,,
Carter Electrical,carter-electrical.co.uk,Business,Sustainability,Money Saving,
City Hire,www.cityhire.co.uk,Business,Construction,DIY,
CMP solutions,cmpsolutions.ie,Business,,,
Complete Merchandise,www.completemerchandise.co.uk,Business,Products,Marketing,
DC White,www.dcwhite.co.uk,Business,Architecture,Construction,
Dementia Help UK,dementiahelpuk.com,Health and Wellness,,,
Devon and Cornwall Aesthetics,devonandcornwallaesthetics.co.uk,Health and Wellness,Beauty,,
Evalian,evalian.co.uk,Business,IT,,
Event Album,eventsalbum.com,Events,Photography,Weddings,Entertainment
Exmouth Body Aesthetics,exmouthbodyaesthetics.com,Health and Wellness,,Beauty,
Freevacy,www.freevacy.com,Business,Personal Development,,
Fresh Air Fitness,www.freshairfitness.co.uk,Health and Wellness,Beauty,,
Front Page Advantage,frontpageadvantage.com,Business,Marketing,,
Gerry O'Leary,gerryoleary.com,Photography,Architecture,,
Hedsor House,www.hedsor.com,Weddings,Lifestyle,,Lifestyle
Helirig,www.helirig.com,Business,,,
Hysons,www.hysons.co.uk,Business,,,
Kensington Systems,www.kensingtonsystems.co.uk,Business,Construction,,
Knightliner Executive Travel,knightlinerexecutivetravel.co.uk,Travel,Lifestyle,,
Lamp Spares,www.lampspares.co.uk,Money Saving,,,DIY
LED Futures,www.ledfutureslighting.co.uk,Construction,Architecture,,
Loftplan,www.loftplan.co.uk,DIY,Home Decor,,Construction
LV Fuel Services,www.lvfuelservices.co.uk,Construction,Sustainability,,
Masoncast,www.masoncast.co.uk,Construction,,,
MB Associates,www.mbassociates.net,Business,Personal Finance,,
Miles Stone,www.milesstone.co.uk,Construction,DIY,Lifestyle,Home Decor
Mortgage Centre,mortgagecentreonline.co.uk,Business,Personal Finance,,
Music Radio Creative,musicradiocreative.com,Music,Business,,
Nature's Finest,naturesfinestfoods.co.uk,Food and Drink,Health and Wellness,,
Navivva-splendid,navivva-splendid.com,Health and Wellness,Beauty,,
Overcoming MS,overcomingms.org,Health and Wellness,,,
PestGone,pestgone.co.uk,Construction,LIfestyle,Business,
Polygon Dental Practice,www.polygondental.co.uk,Health and Wellness,Beauty,,
Pragmatic Consulting,www.pragmatic-consulting.co.uk,Business,Construction,Education,
Scentair,scentair.com,Business,Home Decor,Marketing,
Simply Search,www.simply-search.co.uk,Business,Marketing,,
Skipton Properties,www.skiptonproperties.com,Construction,Architecture,,
Spares 2 U,www.spares2you.co.uk,Money Saving,DIY,,
Strategic Proposals,www.strategicproposals.com,Business,Marketing,,
SWSweb,swsweb.co.uk,Business,,Marketing,
Tensator,www.tensator.com,Business,Events,,Tech
There Be Giants,therebegiants.com,Business,,,
Trafalgar Wharf,www.boatclubtrafalgar.com,Entertainment,Travel,,Lifestyle
Venhills,www.venhill.co.uk,Automotive,Business,,
WASHCO,www.washco.co.uk,Business,Tech,,
Wavefront,www.wavefront.systems,Tech,Business,,
Western Cars Horley,westerncars-horley.co.uk,Travel,Lifestyle,Parenting,
Western Cars Horsham,westerncars-horsham.co.uk,Travel,Lifestyle,Parenting,
Winter Away,winteraway.com,Travel,Lifestyle,Parenting,
YSE Ski,www.yseski.co.uk,Travel,Lifestyle,Parenting,
