month,companyName,daNeeded,anchorText,url,requested,da,postTitle,postPlacement,name,Link Insert or blog,cost,delivered,bloggerWebsite,category,clientWebsite,Copy of blogger website,Client and blog combined,
8,DC White,DA10+BRONZE,feas engineering,https://www.dcwhite.co.uk/fea/,15/08/2023,26,How To Improve Pain Points Within Business,https://definecivil.com/how-to-improve-paint-points-within-construction-business/?expand_article=1,Fatjoe,Blog,£60,04/09/2023,definecivil.com,#N/A,www.dcwhite.co.uk,definecivil.com,www.dcwhite.co.ukdefinecivil.com,
8,BCL timber,DA10+BRONZE,timber slatt cladding,https://bcltimberprojects.co.uk/panel-systems/external-walls,15/08/2023,27,How To Design A Business Premises That Is Inviting,https://talk-retail.co.uk/how-to-design-a-business-premises-that-is-inviting/,Fatjoe,Blog,£60,04/09/2023,talk-retail.co.uk,#N/A,bcltimberprojects.co.uk,talk-retail.co.uk,bcltimberprojects.co.uktalk-retail.co.uk,
8,Carter Electrical,DA10+BRONZE,tesla powerwall 2 uk,https://carter-electrical.co.uk/tesla-powerwall-installation/,15/08/2023,23,The Benefits Of Getting An Electric Car In 2023,https://www.simplymotor.co.uk/2023/08/benefits-electric-car-2023.html,Fatjoe,Blog,£60,04/09/2023,www.simplymotor.co.uk,#N/A,carter-electrical.co.uk,www.simplymotor.co.uk,carter-electrical.co.ukwww.simplymotor.co.uk,
8,Trafalgar Wharf,DA10+BRONZE,boat share,https://www.boatclubtrafalgar.com/what-is-boat-club-and-membership-boating/,15/08/2023,23,How To Enjoy A Holiday On A Boat,https://krismunro.co.uk/2023/09/04/how-to-enjoy-a-holiday-on-a-boat/,Fatjoe,Blog,£60,04/09/2023,krismunro.co.uk,#N/A,www.boatclubtrafalgar.com,krismunro.co.uk,www.boatclubtrafalgar.comkrismunro.co.uk,
8,Strategic Proposals,DA10+BRONZE,bid writing courses,https://www.strategicproposals.com/about-us/our-services-sp,15/08/2023,29,How To Maximise Your Sales Potential In Business For 2023,https://www.newvalleynews.co.uk/business/how-to-maximise-your-sales-potential-in-business-for-2023/,Fatjoe,Blog,£60,04/09/2023,www.newvalleynews.co.uk,#N/A,www.strategicproposals.com,www.newvalleynews.co.uk,www.strategicproposals.comwww.newvalleynews.co.uk,
8,Strategic Proposals,DA10+BRONZE,proposal management,https://www.strategicproposals.com/about-us/our-services-sp,15/08/2023,22,How To Become A Great Sales Team Member In The Workplace,https://www.icenimagazine.co.uk/how-to-become-a-great-sales-team-member-in-the-workplace/,Fatjoe,Blog,£60,04/09/2023,www.icenimagazine.co.uk,#N/A,www.strategicproposals.com,www.icenimagazine.co.uk,www.strategicproposals.comwww.icenimagazine.co.uk,
8,Helirig,DA10+BRONZE,heli lift services,https://www.helirig.com/capabilities/helicopter-lifting/,15/08/2023,29,Tips To Overcome Construction Challenges For Your Next Project,https://www.newvalleynews.co.uk/business/tips-to-overcome-construction-challenges-for-your-next-project/,Fatjoe,Blog,£60,04/09/2023,www.newvalleynews.co.uk,#N/A,www.helirig.com,www.newvalleynews.co.uk,www.helirig.comwww.newvalleynews.co.uk,
8,Gerry Oleary,DA10+BRONZE,building photographer,https://gerryoleary.com/exterior/,15/08/2023,21,The Importance Of Focusing On Interior Design Within Your Business,https://www.ginakaydaniel.com/2023/08/the-importance-of-focusing-on-interior-design-within-your-business/,Fatjoe,Blog,£60,04/09/2023,www.ginakaydaniel.com,#N/A,gerryoleary.com,www.ginakaydaniel.com,gerryoleary.comwww.ginakaydaniel.com,
8,Masoncast,DA10+BRONZE,cast stone manufacturers,https://www.masoncast.co.uk/,15/08/2023,21,How To Add A Bespoke Touch To Your Home In 2023,https://www.ginakaydaniel.com/2023/08/how-to-add-a-bespoke-touch-to-your-home-in-2023/,Fatjoe,Blog,£60,04/09/2023,www.ginakaydaniel.com,#N/A,www.masoncast.co.uk,www.ginakaydaniel.com,www.masoncast.co.ukwww.ginakaydaniel.com,
8,Bounty Road,DA10+BRONZE,dental implants,https://www.bountyroaddental.co.uk/dental-implants-basingstoke.html,15/08/2023,25,How To Fix Your Teeth When Youâ€™re Experiencing Dental Problems,https://www.nishiv.com/how-to-fix-your-teeth-when-you-have-dental-problems/,Fatjoe,Blog,£60,04/09/2023,www.nishiv.com,#N/A,www.bountyroaddental.co.uk,www.nishiv.com,www.bountyroaddental.co.ukwww.nishiv.com,
8,Audax,DA10+BRONZE,body camera,https://audaxsecurity.co.uk/,15/08/2023,20,How To Protect Your Security Personnel Within Business,https://vikingwanderer.com/how-to-protect-your-security-personnel-within-business,Fatjoe,Blog,£60,04/09/2023,vikingwanderer.com,#N/A,audaxsecurity.co.uk,vikingwanderer.com,audaxsecurity.co.ukvikingwanderer.com,
8,PestGone,DA10+BRONZE,commercial pest control,https://pestgone.co.uk/pest-control-contracts-for-business/,15/08/2023,20,How To Improve Cleanliness Within Your Business,https://vikingwanderer.com/how-to-improve-cleanliness-within-your-business,Fatjoe,Blog,£60,04/09/2023,vikingwanderer.com,#N/A,pestgone.co.uk,vikingwanderer.com,pestgone.co.ukvikingwanderer.com,
8,Knightliner Executive Travel,DA10+BRONZE,minibus hire,https://knightlinerexecutivetravel.co.uk/services/,15/08/2023,27,Tips For Arranging A Group Outing,https://adventuremummy.com/tips-for-arranging-a-group-outing/,Fatjoe,Blog,£60,04/09/2023,adventuremummy.com,#N/A,knightlinerexecutivetravel.co.uk,adventuremummy.com,knightlinerexecutivetravel.co.ukadventuremummy.com,
8,Winter Away,DA10+BRONZE,long stay holidays in spain,https://winteraway.com/winter-in-estepona/,15/08/2023,24,How To Do Travel As You Get Older,https://freebirdsmagazine.com/how-to-do-travel-as-you-get-older/,Fatjoe,Blog,£60,04/09/2023,freebirdsmagazine.com,#N/A,winteraway.com,freebirdsmagazine.com,winteraway.comfreebirdsmagazine.com,
8,Atmosphere IT,DA20+SILVER,IT support,https://atmosphereit.co.uk/it-support/,15/08/2023,25,Security Tips For Remote Workers,https://www.isalillo.com/security-tips-for-remote-workers/,Fatjoe,Blog,£80,04/09/2023,www.isalillo.com,#N/A,atmosphereit.co.uk,www.isalillo.com,atmosphereit.co.ukwww.isalillo.com,
8,Evalian,DA20+SILVER,cloud security services,https://evalian.co.uk/cyber-security/cloud-security-service/,15/08/2023,20,The Risks For An E-Commerce Business,https://digital-dreamer.net/the-risks-for-an-e-commerce-business/,Fatjoe,Blog,£80,04/09/2023,digital-dreamer.net,#N/A,evalian.co.uk,digital-dreamer.net,evalian.co.ukdigital-dreamer.net,
8,Evalian,DA20+SILVER,cloud security review,https://evalian.co.uk/cyber-security/cloud-security-service/,15/08/2023,20,5 Reasons Cloud Security Benefits Your Business,https://www.websigmas.com/5-reasons-cloud-security-benefits-your-business/,Fatjoe,Blog,£80,04/09/2023,www.websigmas.com,#N/A,evalian.co.uk,www.websigmas.com,evalian.co.ukwww.websigmas.com,
8,Music Radio Creative,DA20+SILVER,podcast editing,https://musicradiocreative.com/pages/podcast-production,15/08/2023,28,Improving Your Online Presence,https://jennifergilmour.com/2023/08/29/improving-your-online-presence/,Fatjoe,Blog,£80,04/09/2023,jennifergilmour.com,#N/A,musicradiocreative.com,jennifergilmour.com,musicradiocreative.comjennifergilmour.com,
8,Tensator,DA20+SILVER,retractable barrier ,https://www.tensator.com/shop/product-category/retractable-barriers/,15/08/2023,27,How To Create The Perfect Environment In Your Store,https://talk-retail.co.uk/how-to-create-the-perfect-environment-in-your-store/,Fatjoe,Blog,£80,04/09/2023,talk-retail.co.uk,#N/A,www.tensator.com,talk-retail.co.uk,www.tensator.comtalk-retail.co.uk,
8,WASHCO,DA20+SILVER,commercial laundry machine,https://www.washco.co.uk/commercial-washing-machines-products/,15/08/2023,29,How To Save Money When Running Your Own Business,https://britonabudget.co.uk/how-to-save-money-when-running-your-own-business/,Fatjoe,Blog,£80,04/09/2023,britonabudget.co.uk,#N/A,www.washco.co.uk,britonabudget.co.uk,www.washco.co.ukbritonabudget.co.uk,
8,Wavefront,DA20+SILVER,side scan sonar,https://www.wavefront.systems/solstice/,15/08/2023,29,Three Ways To Elevate Your Business Success,https://www.thegadgetman.org.uk/three-ways-to-elevate-your-business-success/,Fatjoe,Blog,£80,04/09/2023,www.thegadgetman.org.uk,#N/A,www.wavefront.systems,www.thegadgetman.org.uk,www.wavefront.systemswww.thegadgetman.org.uk,
8,Kensington Systems,DA20+SILVER,outdoor covering for schools,https://www.kensingtonsystems.co.uk/aluminium-shelter/school-canopies-playground-shelters/,15/08/2023,27,How Schools Can Heighten A Student's Educational Experience,https://theglossymagazine.com/how-schools-can-heighten-a-students-educational-experience/,Fatjoe,Blog,£80,04/09/2023,theglossymagazine.com,#N/A,www.kensingtonsystems.co.uk,theglossymagazine.com,www.kensingtonsystems.co.uktheglossymagazine.com,
8,Miles Stone,DA20+SILVER,Yorkstone flags,https://www.milesstone.co.uk/collections/yorkstone,15/08/2023,26,How To Make Your Garden Age-Friendly,https://talkingaboutmygeneration.co.uk/how-to-make-your-garden-age-friendly/,Fatjoe,Blog,£80,04/09/2023,talkingaboutmygeneration.co.uk,#N/A,www.milesstone.co.uk,talkingaboutmygeneration.co.uk,www.milesstone.co.uktalkingaboutmygeneration.co.uk,
8,Overcoming MS,DA20+SILVER,IVIG for MS,https://overcomingms.org/recovery-program/medication,15/08/2023,28,What To Do After Receiving A Health Diagnosis,https://hopezvara.com/what-to-do-after-receiving-a-health-diagnosis,Fatjoe,Blog,£80,04/09/2023,hopezvara.com,#N/A,overcomingms.org,hopezvara.com,overcomingms.orghopezvara.com,
8,City Hire,DA20+SILVER,Access tool hire,https://www.cityhire.co.uk/products/access,15/08/2023,20,Five Ways To Improve Workplace Health And Safety,https://vikingwanderer.com/five-ways-to-improve-workplace-health-and-safety,Fatjoe,Blog,£80,04/09/2023,vikingwanderer.com,#N/A,www.cityhire.co.uk,vikingwanderer.com,www.cityhire.co.ukvikingwanderer.com,
8,SWSweb,DA20+SILVER,website maintenance services,https://swsweb.co.uk/services/website-maintenance,15/08/2023,21,Four Ways To Ensure Your Online Business Thrives,https://www.curlyandcandid.co.uk/2023/08/29/ways-to-ensure-your-online-business-thrives/,Fatjoe,Blog,£80,04/09/2023,www.curlyandcandid.co.uk,#N/A,swsweb.co.uk,www.curlyandcandid.co.uk,swsweb.co.ukwww.curlyandcandid.co.uk,
8,SWSweb,DA20+SILVER,wordpress support services,https://swsweb.co.uk/services/website-maintenance/wordpress-maintenance-services,15/08/2023,28,Your Fashion Enterprise Needs These 4 Things To Thrive,https://britishstylesociety.uk/your-fashion-enterprise-needs-these-4-things-to-thrive,Fatjoe,Blog,£80,04/09/2023,britishstylesociety.uk,#N/A,swsweb.co.uk,britishstylesociety.uk,swsweb.co.ukbritishstylesociety.uk,
8,LV Fuel Services,DA20+SILVER,oil tank installation,https://www.lvfuelservices.co.uk/services/domestic/domestic-fuel-tank-installation-and-replacement/,15/08/2023,28,Clever Ways To Make Your Family Home A More Eco-Freindly Place,https://www.mimiroseandme.com/2023/08/clever-ways-to-make-your-family-home.html,Fatjoe,Blog,£80,04/09/2023,www.mimiroseandme.com,#N/A,www.lvfuelservices.co.uk,www.mimiroseandme.com,www.lvfuelservices.co.ukwww.mimiroseandme.com,
8,MB Associates,DA20+SILVER,mortgage advisers,https://www.mbassociates.net/meet-the-team/,15/08/2023,28,Essential Financial Tips Every First-Time Buyer Needs,http://magicalpenny.com/essential-financial-tips-every-first-time-buyer-needs/,Fatjoe,Blog,£80,04/09/2023,magicalpenny.com,#N/A,www.mbassociates.net,magicalpenny.com,www.mbassociates.netmagicalpenny.com,
8,AS Landscapes,DA20+SILVER,driveway landscaping,https://www.as-landscapes.co.uk/driveways/,15/08/2023,28,This Is How To Increase Your Homeâ€™s Curb Appeal,https://www.jenloumeredith.com/2023/08/this-is-how-to-increase-your-homes-curb.html,Fatjoe,Blog,£80,04/09/2023,www.jenloumeredith.com,#N/A,www.as-landscapes.co.uk,www.jenloumeredith.com,www.as-landscapes.co.ukwww.jenloumeredith.com,
8,Acticare,DA20+SILVER,Care home chairs,https://shop.acticareuk.com/Products/MODEN-Chairs,15/08/2023,21,5 Ways You Can Improve The Day To Day Life Of Your Elderly Parent,https://www.curlyandcandid.co.uk/2023/08/30/improve-the-day-to-day-life-of-your-elderly-parent/,Fatjoe,Blog,£80,04/09/2023,www.curlyandcandid.co.uk,#N/A,shop.acticareuk.com,www.curlyandcandid.co.uk,shop.acticareuk.comwww.curlyandcandid.co.uk,
8,Fresh Air Fitness,DA20+SILVER,park gym equipment,https://www.freshairfitness.co.uk/who-for/councils,15/08/2023,26,How to Keep Fit Without a Gym Membership,https://www.bekylou.com/2023/09/how-to-keep-fit-without-a-gym-membership-2.html,Fatjoe,Blog,£80,04/09/2023,www.bekylou.com,#N/A,www.freshairfitness.co.uk,www.bekylou.com,www.freshairfitness.co.ukwww.bekylou.com,
8,Front Page Advantage,DA30+GOLD,affordable seo,https://frontpageadvantage.com/seo/,15/08/2023,30,Starting a Business? Then You Need to Avoid These 4 Marketing Mistakes,https://bamni.co.uk/2023/08/29/starting-a-business-then-you-need-to-avoid-these-4-marketing-mistakes/,Fatjoe,Blog,£100,04/09/2023,bamni.co.uk,#N/A,frontpageadvantage.com,bamni.co.uk,frontpageadvantage.combamni.co.uk,
8,Evalian,DA30+GOLD,penetration testing,https://evalian.co.uk/what-is-a-penetration-test/,15/08/2023,32,Why is Cybersecurity Important for your Business?,https://thriftychap.com/why-is-cybersecurity-important-for-your-business/,Fatjoe,Blog,£100,04/09/2023,thriftychap.com,#N/A,evalian.co.uk,thriftychap.com,evalian.co.ukthriftychap.com,
8,Scentair,DA30+GOLD,scent air diffuser,https://scentair.com/en_gb/scent-diffusers/business-diffusers.html,15/08/2023,34,Tricks that will Make your Office Space more Client-Friendly,https://mymoneycottage.com/tricks-that-will-make-your-office-space-more-client-friendly/,Fatjoe,Blog,£100,04/09/2023,mymoneycottage.com,#N/A,scentair.com,mymoneycottage.com,scentair.commymoneycottage.com,
8,Scentair,DA30+GOLD,scent diffuser for businesses,https://scentair.com/en_gb/scent-diffusers/business-diffusers.html,15/08/2023,36,How to Make your Office Space Look Fun yet Professional,https://new-lune.com/2023/08/29/how-to-make-your-office-space-look-fun-yet-professional/,Fatjoe,Blog,£100,04/09/2023,new-lune.com,#N/A,scentair.com,new-lune.com,scentair.comnew-lune.com,
8,Fresh Air Fitness,DA30+GOLD,outdoor gym equipment,https://www.freshairfitness.co.uk/outdoor-gym-equipment,15/08/2023,36,Going into the Hotel Business? Here are Some Top Tips,https://lattelindsay.com/small-business-success/going-into-the-hotel-business-here-are-some-top-tips/,Fatjoe,Blog,£100,04/09/2023,lattelindsay.com,#N/A,www.freshairfitness.co.uk,lattelindsay.com,www.freshairfitness.co.uklattelindsay.com,
8,Fresh Air Fitness,DA30+GOLD,outdoor playground gym,https://www.freshairfitness.co.uk/who-for/education,15/08/2023,38,Are Your Kids Getting The Help They Need To Stay Fit?,https://www.kerrylouisenorris.com/2023/08/are-your-kids-getting-help-they-need-to.html,Fatjoe,Blog,£100,04/09/2023,www.kerrylouisenorris.com,#N/A,www.freshairfitness.co.uk,www.kerrylouisenorris.com,www.freshairfitness.co.ukwww.kerrylouisenorris.com,
8,LV Fuel Services,DA30+GOLD,domestic fuel tank cleaning,https://www.lvfuelservices.co.uk/services/domestic/domestic-fuel-tank-cleaning/,15/08/2023,39,"Autumn/Winter Jobs To Do Now, Save Money Later",https://thoushaltnotcovet.net/2023/09/04/autumn-winter-jobs-to-do-now-save-money-later/,Fatjoe,Blog,£100,04/09/2023,thoushaltnotcovet.net,#N/A,www.lvfuelservices.co.uk,thoushaltnotcovet.net,www.lvfuelservices.co.ukthoushaltnotcovet.net,
8,Acticare,DA30+GOLD,Care home beds,https://shop.acticareuk.com/Products/Beds-and-Accessories,15/08/2023,36,Helping A Loved One Feel More At Ease In A Care Home,https://beurownlight.com/2023/08/30/helping-a-loved-one-feel-more-at-ease-in-a-care-home/,Fatjoe,Blog,£100,04/09/2023,beurownlight.com,#N/A,shop.acticareuk.com,beurownlight.com,shop.acticareuk.combeurownlight.com,
8,WASHCO,DA30+GOLD,Hotel laundry appliances,https://www.washco.co.uk/hotels-and-hospitality/,15/08/2023,33,4 Ways To Boost Your Spa Business To Help It Stand Out,https://www.fromcorporatetocareerfreedom.com/4-ways-to-boost-your-spa-business-to-help-it-stand-out/,Fatjoe,Blog,£100,04/09/2023,www.fromcorporatetocareerfreedom.com,#N/A,www.washco.co.uk,www.fromcorporatetocareerfreedom.com,www.washco.co.ukwww.fromcorporatetocareerfreedom.com,
8,City Hire,DA30+GOLD,Trencher hire,https://www.cityhire.co.uk/products/landscaping-and-gardening/pedestrian-trencher?variation=19045,15/08/2023,31,What People Don't Tell You About Doing Your Own Garden Makeover,https://www.previousmagazine.com/what-people-dont-tell-you-about-doing-your-own-garden-makeover,Fatjoe,Blog,£100,04/09/2023,www.previousmagazine.com,#N/A,www.cityhire.co.uk,www.previousmagazine.com,www.cityhire.co.ukwww.previousmagazine.com,
8,Hedsor House,DA10+BRONZE,luxury wedding venues,https://www.hedsor.com/ ,14/08/2023,14,Making Magical First Date Memories in Wintertime,https://travel-bugs.co.uk/magical-first-date/,Micaela,Link Insert,£30,31/08/2023,travel-bugs.co.uk,#N/A,www.hedsor.com,travel-bugs.co.uk,www.hedsor.comtravel-bugs.co.uk,
8,Nature's Finest,DA10+BRONZE,fruit pots,https://naturesfinestfoods.co.uk/refreshing-fruit/ ,14/08/2023,19,Growing Your Own Veggies for a Vegan Diet,https://www.pradaplanet.com/blog/growing-your-own-veggies-for-a-vegan-diet,Micaela,Link Insert,£30,31/08/2023,www.pradaplanet.com,#N/A,naturesfinestfoods.co.uk,www.pradaplanet.com,naturesfinestfoods.co.ukwww.pradaplanet.com,
8,Devon and Cornwall Aesthetics,DA10+BRONZE,botox training courses,https://devonandcornwallaesthetics.co.uk/aesthetics-training-courses/foundation-level-botox-and-dermal-fillers/,14/08/2023,15,HOW TO REVERSE SKIN AGING,https://www.unconventionalkira.co.uk/2023/08/how-to-reverse-skin-aging.html,Micaela,Link Insert,£30,31/08/2023,www.unconventionalkira.co.uk,#N/A,devonandcornwallaesthetics.co.uk,www.unconventionalkira.co.uk,devonandcornwallaesthetics.co.ukwww.unconventionalkira.co.uk,
8,Simply Search,DA20+SILVER,technical seo agency,https://www.simply-search.co.uk/services/technical-seo-agency/,14/08/2023,34,4 Reasons To Set Up Your Own Blogging Website,https://shemightbe.co.uk/4-reasons-to-set-up-your-own-blogging-website/,Micaela,Blog,£100,31/08/2023,shemightbe.co.uk,#N/A,www.simply-search.co.uk,shemightbe.co.uk,www.simply-search.co.ukshemightbe.co.uk,
8,Miles Stone,DA20+SILVER,Yorkstone paving,https://www.milesstone.co.uk/collections/yorkstone,14/08/2023,21,My Favourite Ways to Create Indoor Spaces Outdoors With My Family,https://www.mumsthewurd.com/my-favourite-ways-to-create-indoor-spaces-outdoors-with-my-family/,Micaela,Blog,£100,31/08/2023,www.mumsthewurd.com,#N/A,www.milesstone.co.uk,www.mumsthewurd.com,www.milesstone.co.ukwww.mumsthewurd.com,
8,Mortgage Centre Online,DA20+SILVER,mortgages for doctors,https://mortgagecentreonline.co.uk/healthcare-professionals/,14/08/2023,27,Buying Your First Home,https://thelifeofadventure.com/buying-your-first-home/,Micaela,Blog,£100,31/08/2023,thelifeofadventure.com,#N/A,mortgagecentreonline.co.uk,thelifeofadventure.com,mortgagecentreonline.co.ukthelifeofadventure.com,
8,Navivva-splendid,DA20+SILVER,big water bottle,https://navivva-splendid.com/products/2-2-litre-water-bottle ,14/08/2023,25,How do I Take Care of My Body and Health?,https://www.nishiv.com/how-do-i-take-care-of-my-body-and-health/,Micaela,Blog,£100,31/08/2023,www.nishiv.com,#N/A,navivva-splendid.com,www.nishiv.com,navivva-splendid.comwww.nishiv.com,
8,Loftplan,DA20+SILVER,loft conversions,https://www.loftplan.co.uk/loft-conversion-reading/,14/08/2023,22,5 WAYS TO ADAPT YOUR HOME FOR LATER LIFE,https://prettykittenlife.com/5-ways-to-adapt-your-home-for-later-life/,Micaela,Blog,£100,31/08/2023,prettykittenlife.com,#N/A,www.loftplan.co.uk,prettykittenlife.com,www.loftplan.co.ukprettykittenlife.com,
8,Fresh Air Fitness,DA20+SILVER,outdoor exercise equipment,https://www.freshairfitness.co.uk/our-products,14/08/2023,21,The Best Outdoor Exercises for a Healthier You,https://www.alfiebsmith.com/best-outdoor-exercises-for-a-healthier-you/,Micaela,Link Insert,£75,31/08/2023,www.alfiebsmith.com,#N/A,www.freshairfitness.co.uk,www.alfiebsmith.com,www.freshairfitness.co.ukwww.alfiebsmith.com,
8,Loftplan,DA30+GOLD,loft conversion,https://www.loftplan.co.uk/services/,14/08/2023,35,5 TOOLS YOU NEED TO DECORATE YOUR HOME,https://www.dorkface.co.uk/2023/08/5-tools-you-need-to-decorate-your-home/,Micaela,Link Insert,£100,31/08/2023,www.dorkface.co.uk,#N/A,www.loftplan.co.uk,www.dorkface.co.uk,www.loftplan.co.ukwww.dorkface.co.uk,
8,DC White,Citation,"engineering consultants, mechanical engineering consultants, engineering consultancy uk",https://www.dcwhite.co.uk/,15/08/2023,done,done,done,Fatjoe,Citation,£50,04/09/2023,done,#N/A,www.dcwhite.co.uk,done,www.dcwhite.co.ukdone,
8,BCL Timber,Citation,"timber ceilings, wooden slatted ceiling, timber ceiling cladding",https://bcltimberprojects.co.uk/,15/08/2023,done,done,done,Fatjoe,Citation,£50,04/09/2023,done,#N/A,bcltimberprojects.co.uk,done,bcltimberprojects.co.ukdone,
8,SCentair,Citation,"scent marketing, scent diffusers, scent marketing for businesses,",https://scentair.com/en_gb/,15/08/2023,done,done,done,Fatjoe,Citation,£75,04/09/2023,done,#N/A,scentair.com,done,scentair.comdone,
8,Berkeley Castle,Citation,"castle weddings uk, castle wedding venues, weekend wedding venue uk,",https://www.berkeleycastleweddings.co.uk/,15/08/2023,done,done,done,Fatjoe,Citation,£50,04/09/2023,done,#N/A,www.berkeleycastleweddings.co.uk,done,www.berkeleycastleweddings.co.ukdone,
8,Tensator,DA10+Bronze,tensator barriers,https://www.tensator.com/shop/,15/08/2023,17,Planning a Corporate Event? Here's What you Need to Know,https://newenglandb2bnetworking.com/PlanningaCorporateEventHeresWhatyouNeedtoknow,Fatjoe,Blog,£80,04/09/2023,newenglandb2bnetworking.com,#N/A,www.tensator.com,newenglandb2bnetworking.com,www.tensator.comnewenglandb2bnetworking.com,
9,DC White,DA10+BRONZE,Engineering Consultants,https://www.dcwhite.co.uk/,22/08/2023,33,How finite element analysis started the rise of DC White,https://www.uknewsgroup.co.uk/how-finite-element-analysis-started-the-rise-of-dc-white/,UK news Group,Blog,£3,28/08/2023,www.uknewsgroup.co.uk,#N/A,www.dcwhite.co.uk,www.uknewsgroup.co.uk,www.dcwhite.co.ukwww.uknewsgroup.co.uk,
9,BCL timber,DA10+BRONZE,timber slatt cladding,https://bcltimberprojects.co.uk/panel-systems/external-walls ,22/08/2023,33,Timber slatt cladding: A stylish exterior solution from BCL Timber Projects,https://www.uknewsgroup.co.uk/timber-slatt-cladding-a-stylish-exterior-solution-from-bcl-timber-projects/,UK news Group,Blog,£3,28/08/2023,www.uknewsgroup.co.uk,#N/A,bcltimberprojects.co.uk,www.uknewsgroup.co.uk,bcltimberprojects.co.ukwww.uknewsgroup.co.uk,
9,Carter Electrical,DA10+BRONZE,tesla powerwall 2 uk,https://carter-electrical.co.uk/tesla-powerwall-installation/ ,22/08/2023,33,Exploring the benefits of Tesla Powerwall 2 in the UK: A guide by Carter Electrical,https://www.uknewsgroup.co.uk/exploring-the-benefits-of-tesla-powerwall-2-in-the-uk-a-guide-by-carter-electrical/,UK news Group,Blog,£3,28/08/2023,www.uknewsgroup.co.uk,#N/A,carter-electrical.co.uk,www.uknewsgroup.co.uk,carter-electrical.co.ukwww.uknewsgroup.co.uk,
9,Trafalgar Wharf,DA10+BRONZE,boat share,https://www.boatclubtrafalgar.com/what-is-boat-club-and-membership-boating/ ,22/08/2023,33,Exploring the concept of boat share and membership boating with Boat Club Trafalgar,https://www.uknewsgroup.co.uk/exploring-the-concept-of-boat-share-and-membership-boating-with-boat-club-trafalgar/,UK news Group,Blog,£3,28/08/2023,www.uknewsgroup.co.uk,#N/A,www.boatclubtrafalgar.com,www.uknewsgroup.co.uk,www.boatclubtrafalgar.comwww.uknewsgroup.co.uk,
9,Hedsor House,DA10+BRONZE,country house weddings buckinghamshire,https://www.hedsor.com/ ,22/08/2023,33,"A place of timeless elegance: Weddings at Hedsor House, Buckinghamshire",https://www.uknewsgroup.co.uk/a-place-of-timeless-elegance-weddings-at-hedsor-house-buckinghamshire/,UK news Group,Blog,£3,28/08/2023,www.uknewsgroup.co.uk,#N/A,www.hedsor.com,www.uknewsgroup.co.uk,www.hedsor.comwww.uknewsgroup.co.uk,
9,Strategic Proposals,DA10+BRONZE,bid writing courses,https://www.strategicproposals.com/about-us/our-services-sp ,22/08/2023,33,Navigating business success: The role of Strategic Proposals,https://www.uknewsgroup.co.uk/navigating-business-success-the-role-of-strategic-proposals/,UK news Group,Blog,£3,28/08/2023,www.uknewsgroup.co.uk,#N/A,www.strategicproposals.com,www.uknewsgroup.co.uk,www.strategicproposals.comwww.uknewsgroup.co.uk,
9,Strategic Proposals,DA10+BRONZE,proposal management,https://www.strategicproposals.com/about-us/our-services-sp ,22/08/2023,15,HOW TO ACHIEVE A SUCCESSFUL BUSINESS,https://www.unconventionalkira.co.uk/2023/09/how-to-achieve-successful-business.html,Micaela,Blog,£50,13/09/2023,www.unconventionalkira.co.uk,#N/A,www.strategicproposals.com,www.unconventionalkira.co.uk,www.strategicproposals.comwww.unconventionalkira.co.uk,
9,Nature's Finest,DA10+BRONZE,fruit pots,https://naturesfinestfoods.co.uk/refreshing-fruit/ ,22/08/2023,33,The nutritional delights: Exploring the benefits of fruit pots,https://www.uknewsgroup.co.uk/the-nutritional-delights-exploring-the-benefits-of-fruit-pots/,UK news Group,Blog,£3,28/08/2023,www.uknewsgroup.co.uk,#N/A,naturesfinestfoods.co.uk,www.uknewsgroup.co.uk,naturesfinestfoods.co.ukwww.uknewsgroup.co.uk,
9,Helirig,DA10+BRONZE,heli lift services,https://www.helirig.com/capabilities/helicopter-lifting/ ,22/08/2023,33,Mastering heavy lifting: The pinnacle of helicopter lift services,https://www.uknewsgroup.co.uk/mastering-heavy-lifting-the-pinnacle-of-helicopter-lift-services/,UK news Group,Blog,£3,28/08/2023,www.uknewsgroup.co.uk,#N/A,www.helirig.com,www.uknewsgroup.co.uk,www.helirig.comwww.uknewsgroup.co.uk,
9,Gerry Oleary,DA10+BRONZE,building photographer,https://gerryoleary.com/exterior/ ,22/08/2023,33,Cultural chronicles through building photography: Gerry O’Leary’s Artistry,https://www.uknewsgroup.co.uk/cultural-chronicles-through-building-photography-gerry-olearys-artistry/,UK news Group,Blog,£3,28/08/2023,www.uknewsgroup.co.uk,#N/A,gerryoleary.com,www.uknewsgroup.co.uk,gerryoleary.comwww.uknewsgroup.co.uk,
9,Masoncast,DA10+BRONZE,cast stone manufacturers,https://www.masoncast.co.uk/,22/08/2023,33,The crucial role of cast stone manufacturers: Shaping architectural excellence,https://www.uknewsgroup.co.uk/the-crucial-role-of-cast-stone-manufacturers-shaping-architectural-excellence/,UK news Group,Blog,£3,28/08/2023,www.uknewsgroup.co.uk,#N/A,www.masoncast.co.uk,www.uknewsgroup.co.uk,www.masoncast.co.ukwww.uknewsgroup.co.uk,
9,Bounty Road,DA10+BRONZE,Basingstoke Dentist,https://www.bountyroaddental.co.uk/new-dental-patients.html,22/08/2023,33,Transforming smiles: The revolutionary Same Day Teeth procedure at Bounty Road Dental,https://www.uknewsgroup.co.uk/transforming-smiles-the-revolutionary-same-day-teeth-procedure-at-bounty-road-dental/,UK news Group,Blog,£3,28/08/2023,www.uknewsgroup.co.uk,#N/A,www.bountyroaddental.co.uk,www.uknewsgroup.co.uk,www.bountyroaddental.co.ukwww.uknewsgroup.co.uk,
9,Audax,DA10+BRONZE,body camera,https://audaxsecurity.co.uk/ ,22/08/2023,33,Empowering emergency services: The value of body cameras in critical situations,https://www.uknewsgroup.co.uk/empowering-emergency-services-the-value-of-body-cameras-in-critical-situations/,UK news Group,Blog,£3,28/08/2023,www.uknewsgroup.co.uk,#N/A,audaxsecurity.co.uk,www.uknewsgroup.co.uk,audaxsecurity.co.ukwww.uknewsgroup.co.uk,
9,Devon and Cornwall Aesthetics,DA10+BRONZE,botox training courses,https://devonandcornwallaesthetics.co.uk/aesthetics-training-courses/foundation-level-botox-and-dermal-fillers/,22/08/2023,33,Elevating aesthetic expertise: Exploring the advantages of new Botox & Dermal Fillers Training,https://www.uknewsgroup.co.uk/elevating-aesthetic-expertise-exploring-the-advantages-of-new-botox-dermal-fillers-training/,UK news Group,Blog,£3,28/08/2023,www.uknewsgroup.co.uk,#N/A,devonandcornwallaesthetics.co.uk,www.uknewsgroup.co.uk,devonandcornwallaesthetics.co.ukwww.uknewsgroup.co.uk,
9,PestGone,DA10+BRONZE,commercial pest control,https://pestgone.co.uk/pest-control-contracts-for-business/,22/08/2023,33,Shielding business prosperity: The imperative of pest control,https://www.uknewsgroup.co.uk/shielding-business-prosperity-the-imperative-of-pest-control/,UK news Group,Blog,£3,28/08/2023,www.uknewsgroup.co.uk,#N/A,pestgone.co.uk,www.uknewsgroup.co.uk,pestgone.co.ukwww.uknewsgroup.co.uk,
9,Knightliner Executive Travel,DA20+SILVER,minibus hire,https://knightlinerexecutivetravel.co.uk/services/,22/08/2023,33,Exploring Knightliner Executive Travel services: Elevating your journey,https://www.uknewsgroup.co.uk/exploring-knightliner-executive-travel-services-elevating-your-journey/,UK news Group,Blog,£3,28/08/2023,www.uknewsgroup.co.uk,#N/A,knightlinerexecutivetravel.co.uk,www.uknewsgroup.co.uk,knightlinerexecutivetravel.co.ukwww.uknewsgroup.co.uk,
9,Winter Away,DA10+BRONZE,long stay holidays in spain,https://winteraway.com/winter-in-estepona/,22/08/2023,33,Embracing winter bliss: The soaring appeal of long stay holidays in Spain,https://www.uknewsgroup.co.uk/embracing-winter-bliss-the-soaring-appeal-of-long-stay-holidays-in-spain/,UK news Group,Blog,£3,28/08/2023,www.uknewsgroup.co.uk,#N/A,winteraway.com,www.uknewsgroup.co.uk,winteraway.comwww.uknewsgroup.co.uk,
9,Simply Search,DA20+SILVER,technical seo agency,https://www.simply-search.co.uk/,22/08/2023,33,Unlocking digital success: Understanding technical SEO and the agency advantage,https://www.uknewsgroup.co.uk/unlocking-digital-success-understanding-technical-seo-and-the-agency-advantage/,UK news Group,Blog,£3,28/08/2023,www.uknewsgroup.co.uk,#N/A,www.simply-search.co.uk,www.uknewsgroup.co.uk,www.simply-search.co.ukwww.uknewsgroup.co.uk,
9,Atmosphere IT,DA20+SILVER,IT support,https://atmosphereit.co.uk/it-support/,22/08/2023,33,The indispensable need for IT support: Navigating the digital landscape with confidence,https://www.uknewsgroup.co.uk/the-indispensable-need-for-it-support-navigating-the-digital-landscape-with-confidence/,UK news Group,Blog,£3,28/08/2023,www.uknewsgroup.co.uk,#N/A,atmosphereit.co.uk,www.uknewsgroup.co.uk,atmosphereit.co.ukwww.uknewsgroup.co.uk,
9,Evalian,DA20+SILVER,cloud security services,https://evalian.co.uk/cyber-security/cloud-security-service/,22/08/2023,33,Safeguarding data in the cloud: The imperative of cloud security services,https://www.uknewsgroup.co.uk/safeguarding-data-in-the-cloud-the-imperative-of-cloud-security-services/,UK news Group,Blog,£3,28/08/2023,www.uknewsgroup.co.uk,#N/A,evalian.co.uk,www.uknewsgroup.co.uk,evalian.co.ukwww.uknewsgroup.co.uk,
9,Evalian,DA20+SILVER,cloud security review,https://evalian.co.uk/penetration-testing/,31/08/2023,32,The Most Essential Red Tape: Why Comply With ISO Regulations?,https://muncievoice.com/33662/why-comply-with-iso-regulations/,Fatjoe,Blog,£90,17/09/2023,muncievoice.com,#N/A,evalian.co.uk,muncievoice.com,evalian.co.ukmuncievoice.com,
9,Music Radio Creative,DA20+SILVER,podcast editing,https://musicradiocreative.com/pages/podcast-production,22/08/2023,33,Crafting sonic masterpieces: The art and necessity of podcast editing,https://www.uknewsgroup.co.uk/crafting-sonic-masterpieces-the-art-and-necessity-of-podcast-editing/,UK news Group,Blog,£3,28/08/2023,www.uknewsgroup.co.uk,#N/A,musicradiocreative.com,www.uknewsgroup.co.uk,musicradiocreative.comwww.uknewsgroup.co.uk,
9,Tensator,DA20+SILVER,retractable barrier ,https://www.tensator.com/shop/product-category/retractable-barriers/ ,22/08/2023,33,Navigating spaces with ease: The versatility of retractable barriers,https://www.uknewsgroup.co.uk/navigating-spaces-with-ease-the-versatility-of-retractable-barriers/,UK news Group,Blog,£3,28/08/2023,www.uknewsgroup.co.uk,#N/A,www.tensator.com,www.uknewsgroup.co.uk,www.tensator.comwww.uknewsgroup.co.uk,
9,WASHCO,DA20+SILVER,commercial laundry machine,https://www.washco.co.uk/commercial-washing-machines-products/,31/08/2023,39,Forming the Foundations First: 4 Critical Approaches to Ecommerce Success,https://ecommercefastlane.com/forming-the-foundations-first-4-critical-approaches-to-ecommerce-success/,fatjoe,Blog,£90,17/09/2023,ecommercefastlane.com,#N/A,www.washco.co.uk,ecommercefastlane.com,www.washco.co.ukecommercefastlane.com,
9,Wavefront,DA20+SILVER,side scan sonar,https://www.wavefront.systems/solstice/ ,22/08/2023,33,Revealing the depths: Unveiling the functionality of side scan sonar,https://www.uknewsgroup.co.uk/revealing-the-depths-unveiling-the-functionality-of-side-scan-sonar/,UK news Group,Blog,£3,28/08/2023,www.uknewsgroup.co.uk,#N/A,www.wavefront.systems,www.uknewsgroup.co.uk,www.wavefront.systemswww.uknewsgroup.co.uk,
9,Kensington Systems,DA20+SILVER,outdoor covering for schools,https://www.kensingtonsystems.co.uk/aluminium-shelter/school-canopies-playground-shelters/ ,22/08/2023,33,Creating comfortable learning spaces: The necessity of outdoor coverings in schools,https://www.uknewsgroup.co.uk/creating-comfortable-learning-spaces-the-necessity-of-outdoor-coverings-in-schools/,UK news Group,Blog,£3,28/08/2023,www.uknewsgroup.co.uk,#N/A,www.kensingtonsystems.co.uk,www.uknewsgroup.co.uk,www.kensingtonsystems.co.ukwww.uknewsgroup.co.uk,
9,Miles Stone,DA20+SILVER,Yorkstone paving,https://www.milesstone.co.uk/collections/yorkstone,22/08/2023,33,Elevating outdoor spaces: The timeless beauty of natural Yorkstone paving,https://www.uknewsgroup.co.uk/elevating-outdoor-spaces-the-timeless-beauty-of-natural-yorkstone-paving/,UK news Group,Blog,£3,28/08/2023,www.uknewsgroup.co.uk,#N/A,www.milesstone.co.uk,www.uknewsgroup.co.uk,www.milesstone.co.ukwww.uknewsgroup.co.uk,
9,Miles Stone,DA20+SILVER,Yorkstone flags,https://www.milesstone.co.uk/collections/yorkstone,22/08/2023,20,Renovate Your Garden With These Simple Tips And Tricks,https://lukeosaurusandme.co.uk/renovating-your-garden/,Micaela,Link Insert,£50,13/09/2023,lukeosaurusandme.co.uk,#N/A,www.milesstone.co.uk,lukeosaurusandme.co.uk,www.milesstone.co.uklukeosaurusandme.co.uk,
9,Overcoming MS,DA20+SILVER,IVIG for MS,https://overcomingms.org/recovery-program/medication,22/08/2023,33,IVIG for Multiple Sclerosis: Exploring an evolving treatment approach,https://www.uknewsgroup.co.uk/ivig-for-multiple-sclerosis-exploring-an-evolving-treatment-approach/,UK news Group,Blog,£3,28/08/2023,www.uknewsgroup.co.uk,#N/A,overcomingms.org,www.uknewsgroup.co.uk,overcomingms.orgwww.uknewsgroup.co.uk,
9,City Hire,DA20+SILVER,Access tool hire,https://www.cityhire.co.uk/products/access,31/08/2023,32,4 Things Beginner Construction Companies Commonly Get Wrong,https://muncievoice.com/33672/4-things-beginner-construction-companies-get-wrong/,fatjoe,Blog,£90,17/09/2023,muncievoice.com,#N/A,www.cityhire.co.uk,muncievoice.com,www.cityhire.co.ukmuncievoice.com,
9,Mortgage Centre Online,DA20+SILVER,mortgages for doctors,https://mortgagecentreonline.co.uk/healthcare-professionals/,22/08/2023,33,Recognising the uniqueness: Why healthcare professionals deserve specialised mortgages,https://www.uknewsgroup.co.uk/recognising-the-uniqueness-why-healthcare-professionals-deserve-specialised-mortgages/,UK news Group,Blog,£3,28/08/2023,www.uknewsgroup.co.uk,#N/A,mortgagecentreonline.co.uk,www.uknewsgroup.co.uk,mortgagecentreonline.co.ukwww.uknewsgroup.co.uk,
9,SWSweb,DA20+SILVER,website maintenance services,https://swsweb.co.uk/services/website-maintenance ,22/08/2023,33,Safeguarding your digital presence: The imperative need for website maintenance services,https://www.uknewsgroup.co.uk/safeguarding-your-digital-presence-the-imperative-need-for-website-maintenance-services/,UK news Group,Blog,£3,28/08/2023,www.uknewsgroup.co.uk,#N/A,swsweb.co.uk,www.uknewsgroup.co.uk,swsweb.co.ukwww.uknewsgroup.co.uk,
9,SWSweb,DA20+SILVER,wordpress support services,https://swsweb.co.uk/services/website-maintenance/wordpress-maintenance-services ,22/08/2023,24,Cost-Effective WordPress Maintenance Services For Small Businesses,https://moneytipsblog.co.uk/new/cost-effective-wordpress-maintenance-services-for-small-businesses/,Paul,Blog,£24,06/09/2023,moneytipsblog.co.uk,#N/A,swsweb.co.uk,moneytipsblog.co.uk,swsweb.co.ukmoneytipsblog.co.uk,
9,LV Fuel Services,DA20+SILVER,oil tank installation,https://www.lvfuelservices.co.uk/services/commercial/,31/08/2023,32,The Warmth of Work: Should Businesses Use Heating Oil?,https://muncievoice.com/33666/should-businesses-use-heating-oil/,fatjoe,Blog,£90,17/09/2023,muncievoice.com,#N/A,www.lvfuelservices.co.uk,muncievoice.com,www.lvfuelservices.co.ukmuncievoice.com,
9,MB Associates,DA20+SILVER,mortgage advisers,https://www.mbassociates.net/meet-the-team/,22/08/2023,33,Navigating the mortgage maze: The vital role of mortgage advisors,https://www.uknewsgroup.co.uk/navigating-the-mortgage-maze-the-vital-role-of-mortgage-advisors/,UK news Group,Blog,£3,28/08/2023,www.uknewsgroup.co.uk,#N/A,www.mbassociates.net,www.uknewsgroup.co.uk,www.mbassociates.netwww.uknewsgroup.co.uk,
9,Navivva-splendid,DA20+SILVER,big water bottle,https://navivva-splendid.com/products/2-2-litre-water-bottle ,22/08/2023,33,Hydration amplified: Advantages of using big water bottles,https://www.uknewsgroup.co.uk/hydration-amplified-advantages-of-using-big-water-bottles/,UK news Group,Blog,£3,28/08/2023,www.uknewsgroup.co.uk,#N/A,navivva-splendid.com,www.uknewsgroup.co.uk,navivva-splendid.comwww.uknewsgroup.co.uk,
9,AS Landscapes,DA20+SILVER,driveway landscaping,https://www.as-landscapes.co.uk/driveways/,22/08/2023,33,Enhancing curb appeal and beyond: How driveway landscaping boosts homes and value,https://www.uknewsgroup.co.uk/enhancing-curb-appeal-and-beyond-how-driveway-landscaping-boosts-homes-and-value/,UK news Group,Blog,£3,28/08/2023,www.uknewsgroup.co.uk,#N/A,www.as-landscapes.co.uk,www.uknewsgroup.co.uk,www.as-landscapes.co.ukwww.uknewsgroup.co.uk,
9,Acticare,DA20+SILVER,Care home chairs,https://shop.acticareuk.com/Products/Furnishings,31/08/2023,36,Catering to the Community: Business Ideas for Home-Focused Entrepreneurs,https://homewithaneta.com/catering-to-the-community-business-ideas-for-home-focused-entrepreneurs/,fatjoe,Blog,£90,17/09/2023,homewithaneta.com,#N/A,shop.acticareuk.com,homewithaneta.com,shop.acticareuk.comhomewithaneta.com,
9,Loftplan,DA20+SILVER,loft conversions,https://www.loftplan.co.uk/loft-conversion-reading/,31/08/2023,36,The 4 Most Impactful Ways to Boost Your Home's Value,https://homewithaneta.com/the-4-most-impactful-ways-to-boost-your-homes-value/,fatjoe,Blog,£90,17/09/2023,homewithaneta.com,#N/A,www.loftplan.co.uk,homewithaneta.com,www.loftplan.co.ukhomewithaneta.com,
9,Fresh Air Fitness,DA20+SILVER,park gym equipment,https://www.freshairfitness.co.uk/who-for/councils ,22/08/2023,33,Empowering wellness: The benefits of public park gym equipment,https://www.uknewsgroup.co.uk/empowering-wellness-the-benefits-of-public-park-gym-equipment/,UK news Group,Blog,£3,28/08/2023,www.uknewsgroup.co.uk,#N/A,www.freshairfitness.co.uk,www.uknewsgroup.co.uk,www.freshairfitness.co.ukwww.uknewsgroup.co.uk,
9,Evalian,DA30+GOLD,penetration testing,https://evalian.co.uk/what-is-a-penetration-test/ ,22/08/2023,33,Understanding penetration testing: Unveiling vulnerabilities to strengthen security,https://www.uknewsgroup.co.uk/understanding-penetration-testing-unveiling-vulnerabilities-to-strengthen-security/,UK news Group,Blog,£3,28/08/2023,www.uknewsgroup.co.uk,#N/A,evalian.co.uk,www.uknewsgroup.co.uk,evalian.co.ukwww.uknewsgroup.co.uk,
9,Scentair,DA30+GOLD,scent diffuser for businesses,https://scentair.com/en_gb/scent-diffusers/business-diffusers.html,22/08/2023,33,Enhancing ambiance and wellness: The benefits of diffusers for businesses,https://www.uknewsgroup.co.uk/enhancing-ambiance-and-wellness-the-benefits-of-diffusers-for-businesses/,UK news Group,Blog,£3,28/08/2023,www.uknewsgroup.co.uk,#N/A,scentair.com,www.uknewsgroup.co.uk,scentair.comwww.uknewsgroup.co.uk,
9,Fresh Air Fitness,DA30+GOLD,outdoor gym equipment,https://www.freshairfitness.co.uk/outdoor-gym-equipment,31/08/2023,31,How Do You Prepare Yourself for Outdoor Survival?,https://pinaynomad.com/outdoor-survival-tips/,fatjoe,Blog,£90,17/09/2023,pinaynomad.com,#N/A,www.freshairfitness.co.uk,pinaynomad.com,www.freshairfitness.co.ukpinaynomad.com,
9,LV Fuel Services,DA30+GOLD,domestic fuel tank cleaning,https://www.lvfuelservices.co.uk/services/domestic/domestic-fuel-tank-cleaning/ ,22/08/2023,33,Ensuring safety and efficiency: The significance of domestic fuel tank cleaning,https://www.uknewsgroup.co.uk/ensuring-safety-and-efficiency-the-significance-of-domestic-fuel-tank-cleaning/,UK news Group,Blog,£3,28/08/2023,www.uknewsgroup.co.uk,#N/A,www.lvfuelservices.co.uk,www.uknewsgroup.co.uk,www.lvfuelservices.co.ukwww.uknewsgroup.co.uk,
9,Acticare,DA30+GOLD,Care home beds,https://shop.acticareuk.com/Products/Beds-and-Accessories,22/08/2023,33,Elevating comfort and care: The need for high-quality care home beds,https://www.uknewsgroup.co.uk/elevating-comfort-and-care-the-need-for-high-quality-care-home-beds/,UK news Group,Blog,£3,28/08/2023,www.uknewsgroup.co.uk,#N/A,shop.acticareuk.com,www.uknewsgroup.co.uk,shop.acticareuk.comwww.uknewsgroup.co.uk,
9,WASHCO,DA30+GOLD,Hotel laundry appliances,https://www.washco.co.uk/hotels-and-hospitality/,22/08/2023,33,Streamlining hospitality: The essential role of laundry appliances in hotels,https://www.uknewsgroup.co.uk/streamlining-hospitality-the-essential-role-of-laundry-appliances-in-hotels/,UK news Group,Blog,£3,28/08/2023,www.uknewsgroup.co.uk,#N/A,www.washco.co.uk,www.uknewsgroup.co.uk,www.washco.co.ukwww.uknewsgroup.co.uk,
9,City Hire,DA30+GOLD,Trencher hire,https://www.cityhire.co.uk/products/landscaping-and-gardening/pedestrian-trencher?variation=19045,22/08/2023,33,Efficient earthwork solutions: The benefits of trencher hire,https://www.uknewsgroup.co.uk/efficient-earthwork-solutions-the-benefits-of-trencher-hire/,UK news Group,Blog,£3,28/08/2023,www.uknewsgroup.co.uk,#N/A,www.cityhire.co.uk,www.uknewsgroup.co.uk,www.cityhire.co.ukwww.uknewsgroup.co.uk,
9,Loftplan,DA30+GOLD,loft conversion,https://www.loftplan.co.uk/services/,22/08/2023,33,Unlocking space and value: The advantages of loft conversions and their types,https://www.uknewsgroup.co.uk/unlocking-space-and-value-the-advantages-of-loft-conversions-and-their-types/,UK news Group,Blog,£3,28/08/2023,www.uknewsgroup.co.uk,#N/A,www.loftplan.co.uk,www.uknewsgroup.co.uk,www.loftplan.co.ukwww.uknewsgroup.co.uk,
9,Polygon Dental Practice,DA10+BRONZE,invisalign treatment,https://www.polygondental.co.uk/straight-teeth/,22/08/2023,33,Smile transformation made easy: Understanding Invisalign treatment and its advantages,https://www.uknewsgroup.co.uk/smile-transformation-made-easy-understanding-invisalign-treatment-and-its-advantages/,UK news Group,Blog,£3,28/08/2023,www.uknewsgroup.co.uk,#N/A,www.polygondental.co.uk,www.uknewsgroup.co.uk,www.polygondental.co.ukwww.uknewsgroup.co.uk,
9,Berkeley Castle,DA10+Bronze,wedding packages UK,https://www.berkeleycastleweddings.co.uk/prices,05/09/2023,15,The Enchanting Appeal of Castle Wedding Venues: What to Consider,https://www.thethriftybride.co.uk/2023/09/the-enchanting-appeal-of-castle-wedding-venues-what-to-consider/,Thrifty Bride,Blog,£40,11/09/2023,www.thethriftybride.co.uk,#N/A,www.berkeleycastleweddings.co.uk,www.thethriftybride.co.uk,www.berkeleycastleweddings.co.ukwww.thethriftybride.co.uk,
9,There Be Giants,DA20+Silver,Employee experience consulting,https://therebegiants.com/,05/09/2023,21,WHY YOUR BUSINESS NEEDS AN EMPLOYEE EXPERIENCE CONSULTANT,https://geekedcartree.co.uk/business/why-your-business-needs-an-employee-experience-consultant/,Micaela,Link Insert,£50,12/09/2023,geekedcartree.co.uk,#N/A,therebegiants.com,geekedcartree.co.uk,therebegiants.comgeekedcartree.co.uk,
9,Freevacy,DA20+Silver,data protection course,https://www.freevacy.com/gdpr-training/bcs-foundation-certificate-data-protection,05/09/2023,29,Turn Your Blog Into A Successful Business,https://www.beingtillysmummy.co.uk/turn-your-blog-into-a-successful-business/,Micaela,Link Insert,£50,15/09/2023,www.beingtillysmummy.co.uk,#N/A,www.freevacy.com,www.beingtillysmummy.co.uk,www.freevacy.comwww.beingtillysmummy.co.uk,
9,Freevacy,DA30+Gold,gdpr training online,https://www.freevacy.com/gdpr-training,31/08/2023,32,5 Methods for Leveraging E-learning to Get the Most Out of Your Employees,https://muncievoice.com/33678/5-methods-for-leveraging-e-learning/,fatjoe,Blog,£90,17/09/2023,muncievoice.com,#N/A,www.freevacy.com,muncievoice.com,www.freevacy.communcievoice.com,
9,Freevacy,DA30+Gold,data protection officer training,https://www.freevacy.com/gdpr-training/bcs-courses,05/09/2023,26,4 Ways to Get the Best out of Your Business in London,https://www.yeahlifestyle.com/4-ways-to-get-the-best-out-of-your-business-in-london/,Micaela,Link Insert,£50,13/09/2023,www.yeahlifestyle.com,#N/A,www.freevacy.com,www.yeahlifestyle.com,www.freevacy.comwww.yeahlifestyle.com,
9,Freevacy,DA20+Silver,data protection training,https://www.freevacy.com/about,05/09/2023,22,Everything you need to consider when starting your product based small business,https://www.clairemac.co.uk/2023/09/product-based-small-business-startup-tips/,Micaela,Link Insert,£50,14/09/2023,www.clairemac.co.uk,#N/A,www.freevacy.com,www.clairemac.co.uk,www.freevacy.comwww.clairemac.co.uk,
9,Air Pack Systems,DA20+Silver,inflatable protective packaging,https://airpacksystems.com/products/,05/09/2023,31,Home to HQ: Upgrading Your Business to an Office-Based Setup,https://singledadsguidetolife.com/office-based-setup/,Micaela,Link Insert,£75,13/09/2023,singledadsguidetolife.com,#N/A,airpacksystems.com,singledadsguidetolife.com,airpacksystems.comsingledadsguidetolife.com,
9,Fresh Air Fitness,Citation,na,https://www.freshairfitness.co.uk/,11/09/2023,done,done,done,fatjoe,Link Insert,£50,17/09/2023,done,#N/A,www.freshairfitness.co.uk,done,www.freshairfitness.co.ukdone,
9,MB Associates,Citation,na,https://www.mbassociates.net/,12/09/2023,done,done,done,fatjoe,Link Insert,£50,,done,#N/A,www.mbassociates.net,done,www.mbassociates.netdone,
9,Berkeley Castle,Citation,na,https://www.berkeleycastleweddings.co.uk/,15/09/2023,done,done,done,fatjoe,Link Insert,£50,,done,#N/A,www.berkeleycastleweddings.co.uk,done,www.berkeleycastleweddings.co.ukdone,
9,BCL Timber,Citation,na,https://bcltimberprojects.co.uk/,15/09/2023,done,done,done,fatjoe,Link Insert,£50,,done,#N/A,bcltimberprojects.co.uk,done,bcltimberprojects.co.ukdone,
9,Dc White,Citation,na,https://www.dcwhite.co.uk/,15/09/2023,done,done,done,fatjoe,Link Insert,£50,,done,#N/A,www.dcwhite.co.uk,done,www.dcwhite.co.ukdone,
10,Hedsor House,DA10+Bronze,luxury wedding venues,https://www.hedsor.com/your-wedding-at-hedsor,07/09/2023,20,Crafting the Perfect Wedding Day Experience at Hedsor House,https://www.thethriftybride.co.uk/2023/10/crafting-the-perfect-wedding-day-experience-at-hedsor-house/,Lauren,Blog,13.33,20/10/2023,www.thethriftybride.co.uk,#N/A,www.hedsor.com,www.thethriftybride.co.uk,www.hedsor.comwww.thethriftybride.co.uk,
10,Nature's Finest,DA10+Bronze,jelly pots,https://naturesfinestfoods.co.uk/chilled-jelly/,07/09/2023,43,"Boosting Life Expectancy and Mental Health: The Power of Diet, Exercise, and Hydration",https://jennyinneverland.com/2023/10/27/boosting-life-expectancy-and-mental-health-the-power-of-diet-exercise-and-hydration/,jenny,Blog,£27,20/10/2023,jennyinneverland.com,#N/A,naturesfinestfoods.co.uk,jennyinneverland.com,naturesfinestfoods.co.ukjennyinneverland.com,
10,Evalian,DA20+Silver,penetration testing,https://evalian.co.uk/penetration-testing/,07/09/2023,22,"Enhancing Small Businesses: The Trio of Penetration Testing, IT Support, and Web Maintenance Services",https://www.keralpatel.com/enhancing-small-businesses-the-trio-of-penetration-testing-it-support-and-web-maintenance-services/,Keral Patel,Blog,£12,20/10/2023,www.keralpatel.com,#N/A,evalian.co.uk,www.keralpatel.com,evalian.co.ukwww.keralpatel.com,
10,Evalian,DA20+Silver,web app pen testing,https://evalian.co.uk/penetration-testing/web-app-penetration-testing/,07/09/2023,43,"Strengthening Digital Fortresses: Web App Penetration Testing, CIPM Certification, and Website Maintenance Packages",https://businesspartnermagazine.com/strengthening-digital-fortresses-web-app-penetration-testing-cipm-certification-website-maintenance-packages/,Sandra Hinshelwood,Blog,£6,20/10/2023,businesspartnermagazine.com,#N/A,evalian.co.uk,businesspartnermagazine.com,evalian.co.ukbusinesspartnermagazine.com,
10,Evalian,DA30+Gold,mobile app pen testing,https://evalian.co.uk/penetration-testing/mobile-app-penetration-testing/,07/09/2023,32,HOLISTIC SECURITY: FORTIFYING BUSINESS FOR THE FUTURE,https://startsmarter.co.uk/holistic-security-fortifying-business-for-the-future/,Adam Niazi,Blog,£30,20/10/2023,startsmarter.co.uk,#N/A,evalian.co.uk,startsmarter.co.uk,evalian.co.ukstartsmarter.co.uk,
10,Wavefront,DA20+Silver,side scan sonar,https://www.wavefront.systems/solstice/,07/09/2023,29,Unlocking the Depths: Side Scan Sonar and the Adventurous World of Boat Share Clubs,https://www.newvalleynews.co.uk/travel/unlocking-the-depths-side-scan-sonar-and-the-adventurous-world-of-boat-share-clubs/,Karl,blog,£25,20/10/2023,www.newvalleynews.co.uk,#N/A,www.wavefront.systems,www.newvalleynews.co.uk,www.wavefront.systemswww.newvalleynews.co.uk,
10,Audax,DA10+Bronze,body camera UK,https://audaxsecurity.co.uk/bio-ax-body-worn-camera/,07/09/2023,32,HOLISTIC SECURITY: FORTIFYING BUSINESS FOR THE FUTURE,https://startsmarter.co.uk/holistic-security-fortifying-business-for-the-future/,Adam Niazi,Blog,£30,20/10/2023,startsmarter.co.uk,#N/A,audaxsecurity.co.uk,startsmarter.co.uk,audaxsecurity.co.ukstartsmarter.co.uk,
10,Western Cars Horley,DA10+Bronze,airport transfers,https://westerncars-horley.co.uk/gatwick-airport-taxi/,07/09/2023,20,Preparing For Your Dream Vacation: A Checklist For A Stress-FreeGetaway,https://www.lillaloves.com/2023/11/preparing-for-your-dream-vacation-a-checklist-for-a-stress-freegetaway.html,Lilla,Blog,£10,20/10/2023,www.lillaloves.com,#N/A,westerncars-horley.co.uk,www.lillaloves.com,westerncars-horley.co.ukwww.lillaloves.com,
10,Western Cars Horsham,DA10+Bronze,airport transfers,https://westerncars-horsham.co.uk/airport-transfers/,07/09/2023,55,A WINTER WONDERLAND AFFAIR: SKIING DESTINATION WEDDINGS IN VAL D’ISÈRE,https://www.spiritedpuddlejumper.com/a-winter-wonderland-affair-skiing-destination-weddings-in-val-disere/,Becky Freeman,Blog,£12,20/10/2023,www.spiritedpuddlejumper.com,#N/A,westerncars-horsham.co.uk,www.spiritedpuddlejumper.com,westerncars-horsham.co.ukwww.spiritedpuddlejumper.com,
10,Knightliner Executive Travel,DA20+Silver,luxury minibus hire,https://knightlinerexecutivetravel.co.uk/about-us/,07/09/2023,20,Crafting the Perfect Wedding Day Experience at Hedsor House,https://www.thethriftybride.co.uk/2023/10/crafting-the-perfect-wedding-day-experience-at-hedsor-house/,Lauren,Blog,13.33,20/10/2023,www.thethriftybride.co.uk,#N/A,knightlinerexecutivetravel.co.uk,www.thethriftybride.co.uk,knightlinerexecutivetravel.co.ukwww.thethriftybride.co.uk,
10,Simply Search,DA10+Bronze,google analytics consultant,https://www.simply-search.co.uk/services/google-analytics-consultants/,07/09/2023,28,Transforming Businesses Through Consultative Expertise,https://mmbmagazine.co.uk/transforming-businesses-through-consultative-expertise/,Abbie,Blog,£15,20/10/2023,mmbmagazine.co.uk,#N/A,www.simply-search.co.uk,mmbmagazine.co.uk,www.simply-search.co.ukmmbmagazine.co.uk,
10,Simply Search,DA20+Silver,search engine optimisation consultants,https://www.simply-search.co.uk/services/seo-consultant/,07/09/2023,34,"Unlocking Business Success: The Power Of Bid Writing Courses, SEO Consultants, And GDPR Training Online",https://www.robinwaite.com/blog/unlocking-business-success-the-power-of-bid-writing-courses-seo-consultants-and-gdpr-training-online,Robin Waite,Blog,£12,20/10/2023,www.robinwaite.com,#N/A,www.simply-search.co.uk,www.robinwaite.com,www.simply-search.co.ukwww.robinwaite.com,
10,PestGone,DA10+Bronze,pest control contracts,https://pestgone.co.uk/pest-control-contracts-for-business/,07/09/2023,43,Protecting Your Business: The Benefits of Pest Control Contracts,https://businesspartnermagazine.com/protecting-business-benefits-pest-control-contracts/,Sandra Hinshelwood,Blog,£19,20/10/2023,businesspartnermagazine.com,#N/A,pestgone.co.uk,businesspartnermagazine.com,pestgone.co.ukbusinesspartnermagazine.com,
10,Atmosphere IT,DA20+Silver,it support for small business,https://atmosphereit.co.uk/it-support/,12/09/2023,22,"Enhancing Small Businesses: The Trio of Penetration Testing, IT Support, and Web Maintenance Services",https://www.keralpatel.com/enhancing-small-businesses-the-trio-of-penetration-testing-it-support-and-web-maintenance-services/,Keral Patel,Blog,£12,20/10/2023,www.keralpatel.com,#N/A,atmosphereit.co.uk,www.keralpatel.com,atmosphereit.co.ukwww.keralpatel.com,
10,Polygon Dental Practice,DA10+Bronze,porcelain veneers,https://www.polygondental.co.uk/porcelain-veneers/,12/09/2023,28,Transforming Smiles: The Allure of Porcelain Veneers and Dental Implants,https://www.jenloumeredith.com/2023/10/transforming-smiles-allure-of-porcelain.html,Jen,Blog,£15,20/10/2023,www.jenloumeredith.com,#N/A,www.polygondental.co.uk,www.jenloumeredith.com,www.polygondental.co.ukwww.jenloumeredith.com,
10,Bravequest,DA10+Bronze,uk fulfilment service,https://www.fulfilmentservicesuk.co.uk/project/packing-and-fulfilment-services/,12/09/2023,32,A Perfect Pairing: UK Fulfilment Services and Wine Shipping Boxes,https://marketme.co.uk/a-perfect-pairing-uk-fulfilment-services-and-wine-shipping-boxes/,Christopher,Blog,£35,20/10/2023,marketme.co.uk,#N/A,www.fulfilmentservicesuk.co.uk,marketme.co.uk,www.fulfilmentservicesuk.co.ukmarketme.co.uk,
10,Bravequest,DA20+Silver,e-commerce fulfilment,https://www.fulfilmentservicesuk.co.uk/project/e-commerce-fulfilment-services/,12/09/2023,22,Fuelling Your Side Hustle Dreams: Innovative Ideas for Success,https://cybergeekgirl.co.uk/fuelling-your-side-hustle-dreams-innovative-ideas-for-success/,Lisa Ventura MBE,Blog,£10,20/10/2023,cybergeekgirl.co.uk,#N/A,www.fulfilmentservicesuk.co.uk,cybergeekgirl.co.uk,www.fulfilmentservicesuk.co.ukcybergeekgirl.co.uk,
10,AirPack Systems,DA20+Silver,wine shipping boxes,https://airpacksystems.com/product-category/wine-spirits-beer-bottles/,21/09/2023,32,A Perfect Pairing: UK Fulfilment Services and Wine Shipping Boxes,https://marketme.co.uk/a-perfect-pairing-uk-fulfilment-services-and-wine-shipping-boxes/,Christopher,Blog,£35,20/10/2023,marketme.co.uk,#N/A,airpacksystems.com,marketme.co.uk,airpacksystems.commarketme.co.uk,
10,Tensator,DA20+Silver,safety barrier,https://www.tensator.com/shop/product-category/retractable-safety-barriers/,28/09/2023,32,HOLISTIC SECURITY: FORTIFYING BUSINESS FOR THE FUTURE,https://startsmarter.co.uk/holistic-security-fortifying-business-for-the-future/,Adam Niazi,Blog,£30,20/10/2023,startsmarter.co.uk,#N/A,www.tensator.com,startsmarter.co.uk,www.tensator.comstartsmarter.co.uk,
10,Tensator,DA20+Silver,Tensator barriers,https://www.tensator.com/shop/,28/09/2023,20,Preparing For Your Dream Vacation: A Checklist For A Stress-FreeGetaway,https://www.lillaloves.com/2023/11/preparing-for-your-dream-vacation-a-checklist-for-a-stress-freegetaway.html,Lilla,Blog,£10,20/10/2023,www.lillaloves.com,#N/A,www.tensator.com,www.lillaloves.com,www.tensator.comwww.lillaloves.com,
10,Music Radio Creative,DA20+Silver,ai voice overs,https://musicradiocreative.com/collections/ai-voice-overs,28/09/2023,22,Fuelling Your Side Hustle Dreams: Innovative Ideas for Success,https://cybergeekgirl.co.uk/fuelling-your-side-hustle-dreams-innovative-ideas-for-success/,Lisa Ventura MBE,Blog,£10,20/10/2023,cybergeekgirl.co.uk,#N/A,musicradiocreative.com,cybergeekgirl.co.uk,musicradiocreative.comcybergeekgirl.co.uk,
10,Freevacy,DA20+Silver,gdpr training online,https://www.freevacy.com/gdpr-training,28/09/2023,34,"Unlocking Business Success: The Power Of Bid Writing Courses, SEO Consultants, And GDPR Training Online",https://www.robinwaite.com/blog/unlocking-business-success-the-power-of-bid-writing-courses-seo-consultants-and-gdpr-training-online,Robin Waite,Blog,£12,20/10/2023,www.robinwaite.com,#N/A,www.freevacy.com,www.robinwaite.com,www.freevacy.comwww.robinwaite.com,
10,Freevacy,DA30+Gold,cipm certification,https://www.freevacy.com/gdpr-training/iapp-certified-information-privacy-manager,28/09/2023,43,"Strengthening Digital Fortresses: Web App Penetration Testing, CIPM Certification, and Website Maintenance Packages",https://businesspartnermagazine.com/strengthening-digital-fortresses-web-app-penetration-testing-cipm-certification-website-maintenance-packages/,Sandra Hinshelwood,Blog,£6,20/10/2023,businesspartnermagazine.com,#N/A,www.freevacy.com,businesspartnermagazine.com,www.freevacy.combusinesspartnermagazine.com,
10,Loftplan,DA20+Silver,loft conversion benefits,https://www.loftplan.co.uk/loft-conversion-benefits/,28/09/2023,31,"Maximising Space and Opportunity: The Benefits of Loft Conversions, Buy-to-Let Mortgages, and Mortgage Brokers for Healthcare Professionals",https://estateagentnetworking.co.uk/maximising-space-and-opportunity-the-benefits-of-loft-conversions-buy-to-let-mortgages-and-mortgage-brokers-for-healthcare-professionals/,Christopher,Blog,£26,20/10/2023,estateagentnetworking.co.uk,#N/A,www.loftplan.co.uk,estateagentnetworking.co.uk,www.loftplan.co.ukestateagentnetworking.co.uk,
10,Loftplan,DA30+Gold,loft conversion quote,https://www.loftplan.co.uk/loft-conversion-quote/,28/09/2023,30,FROM QUOTES TO KEYS: THE JOURNEY OF LOFT CONVERSION QUOTES AND HOUSES FOR SALE IN SKIPTON,https://workingdaddy.co.uk/2023/10/27/from-quotes-to-keys-the-journey-of-loft-conversion-quotes-and-houses-for-sale-in-skipton/,Thomaz,Blog,£30,20/10/2023,workingdaddy.co.uk,#N/A,www.loftplan.co.uk,workingdaddy.co.uk,www.loftplan.co.ukworkingdaddy.co.uk,
10,Fresh Air Fitness,DA30+Gold,outdoor exercise equipment,https://www.freshairfitness.co.uk/our-products,28/09/2023,43,"Boosting Life Expectancy and Mental Health: The Power of Diet, Exercise, and Hydration",https://jennyinneverland.com/2023/10/27/boosting-life-expectancy-and-mental-health-the-power-of-diet-exercise-and-hydration/,jenny,Blog,£27,20/10/2023,jennyinneverland.com,#N/A,www.freshairfitness.co.uk,jennyinneverland.com,www.freshairfitness.co.ukjennyinneverland.com,
10,Fresh Air Fitness,DA20+Silver,outdoor gym equipment,https://www.freshairfitness.co.uk/outdoor-gym-equipment,28/09/2023,21,FOSTERING HEALTHY HABITS: THE IMPORTANCE OF PROMOTING EXERCISE IN SCHOOLS,http://www.rawrhubarb.co.uk/2023/10/fostering-healthy-habits-importance-of.html,Jenna,Blog,£15,20/10/2023,www.rawrhubarb.co.uk,#N/A,www.freshairfitness.co.uk,www.rawrhubarb.co.uk,www.freshairfitness.co.ukwww.rawrhubarb.co.uk,
10,MB Associates,DA20+Silver,buy to let mortgages,https://www.mbassociates.net/residential-mortgages/buy-to-let/,28/09/2023,31,"Maximising Space and Opportunity: The Benefits of Loft Conversions, Buy-to-Let Mortgages, and Mortgage Brokers for Healthcare Professionals",https://estateagentnetworking.co.uk/maximising-space-and-opportunity-the-benefits-of-loft-conversions-buy-to-let-mortgages-and-mortgage-brokers-for-healthcare-professionals/,Christopher,Blog,£26,20/10/2023,estateagentnetworking.co.uk,#N/A,www.mbassociates.net,estateagentnetworking.co.uk,www.mbassociates.netestateagentnetworking.co.uk,
10,Trafalgar,DA10+Bronze,boat share club,https://www.boatclubtrafalgar.com/the-better-boating-way/,28/09/2023,29,Unlocking the Depths: Side Scan Sonar and the Adventurous World of Boat Share Clubs,https://www.newvalleynews.co.uk/travel/unlocking-the-depths-side-scan-sonar-and-the-adventurous-world-of-boat-share-clubs/,Karl,Blog,£25,20/10/2023,www.newvalleynews.co.uk,#N/A,www.boatclubtrafalgar.com,www.newvalleynews.co.uk,www.boatclubtrafalgar.comwww.newvalleynews.co.uk,
10,Complete Merchanside,DA20+Silver,promotional pet merchandise,https://www.completemerchandise.co.uk/product-category/children-games-pets/pets/,09/10/2023,22,Fuelling Your Side Hustle Dreams: Innovative Ideas for Success,https://cybergeekgirl.co.uk/fuelling-your-side-hustle-dreams-innovative-ideas-for-success/,Lisa Ventura MBE,Blog,£10,20/10/2023,cybergeekgirl.co.uk,#N/A,www.completemerchandise.co.uk,cybergeekgirl.co.uk,www.completemerchandise.co.ukcybergeekgirl.co.uk,
10,Navivva Splendid,DA20+Silver,large water bottle,https://navivva-splendid.com/collections/new-products,21/09/2023,43,"Boosting Life Expectancy and Mental Health: The Power of Diet, Exercise, and Hydration",https://jennyinneverland.com/2023/10/27/boosting-life-expectancy-and-mental-health-the-power-of-diet-exercise-and-hydration/,jenny,Blog,£27,20/10/2023,jennyinneverland.com,#N/A,navivva-splendid.com,jennyinneverland.com,navivva-splendid.comjennyinneverland.com,
10,Dementia Help UK,DA10+Bronze,dementia help,https://dementiahelpuk.com/,26/09/2023,23,Navigating the Journey Together: Dementia Help for Caregivers,https://peggymay.co.uk/2023/10/27/navigating-the-journey-together-dementia-help-for-caregivers/,Peggy,Blog,£20,20/10/2023,peggymay.co.uk,#N/A,dementiahelpuk.com,peggymay.co.uk,dementiahelpuk.compeggymay.co.uk,
10,Dementia Help UK,DA10+Bronze,support for dementia carers,https://dementiahelpuk.com/,26/09/2023,11,Supporting Caregivers on the Dementia Journey: The Role of Dementia Help UK,https://peterwynmosey.com/2023/10/27/dementia-journey-the-role-of-dementia-help-uk/,Peter,Blog,£15,20/10/2023,peterwynmosey.com,#N/A,dementiahelpuk.com,peterwynmosey.com,dementiahelpuk.competerwynmosey.com,
10,Berkeley Castle,DA10+Bronze,wedding venue prices,https://www.berkeleycastleweddings.co.uk/prices,27/09/2023,23,A Wedding Day at Berkeley Castle: Where History Meets Romance and Architectural Splendour,https://cocktailsinteacups.com/2023/10/a-wedding-day-at-berkeley-castle-where-history-meets-romance-and-architectural-splendour.html,Amy Walsh,Blog,£20,20/10/2023,cocktailsinteacups.com,#N/A,www.berkeleycastleweddings.co.uk,cocktailsinteacups.com,www.berkeleycastleweddings.co.ukcocktailsinteacups.com,
10,Bounty Road,DA10+Bronze,dental implants,https://www.bountyroaddental.co.uk/dental-implants-basingstoke.html,28/09/2023,28,Transforming Smiles: The Allure of Porcelain Veneers and Dental Implants,https://www.jenloumeredith.com/2023/10/transforming-smiles-allure-of-porcelain.html,Jen,Blog,£15,20/10/2023,www.jenloumeredith.com,#N/A,www.bountyroaddental.co.uk,www.jenloumeredith.com,www.bountyroaddental.co.ukwww.jenloumeredith.com,
10,Event Album,DA10+Bronze,QR Code for wedding pictures,https://eventsalbum.com/,05/10/2023,55,A WINTER WONDERLAND AFFAIR: SKIING DESTINATION WEDDINGS IN VAL D’ISÈRE,https://www.spiritedpuddlejumper.com/a-winter-wonderland-affair-skiing-destination-weddings-in-val-disere/,Becky Freeman,Blog,£12,20/10/2023,www.spiritedpuddlejumper.com,#N/A,eventsalbum.com,www.spiritedpuddlejumper.com,eventsalbum.comwww.spiritedpuddlejumper.com,
10,Event Album,DA10+Bronze,Wedding photo qr code,https://eventsalbum.com/,05/10/2023,20,Crafting the Perfect Wedding Day Experience at Hedsor House,https://www.thethriftybride.co.uk/2023/10/crafting-the-perfect-wedding-day-experience-at-hedsor-house/,Lauren,Blog,13.33,20/10/2023,www.thethriftybride.co.uk,#N/A,eventsalbum.com,www.thethriftybride.co.uk,eventsalbum.comwww.thethriftybride.co.uk,
10,BCL Timber,DA10+Bronze,timber soffits,https://bcltimberprojects.co.uk/panel-systems/external-ceilings,05/10/2023,31,Timber Soffits: A Sustainable Choice for Home Renovations,https://estateagentnetworking.co.uk/timber-soffits-a-sustainable-choice-for-home-renovations/,Christopher,Blog,£39,20/10/2023,estateagentnetworking.co.uk,#N/A,bcltimberprojects.co.uk,estateagentnetworking.co.uk,bcltimberprojects.co.ukestateagentnetworking.co.uk,
10,Carter Electrical,DA10+Bronze,electrical installation company,https://carter-electrical.co.uk/,05/10/2023,12,The Benefits of Electrical Installation Companies,https://annabelwrites.com/the-benefits-of-electrical-installation-companies/,Annabel,Blog,£20,20/10/2023,annabelwrites.com,#N/A,carter-electrical.co.uk,annabelwrites.com,carter-electrical.co.ukannabelwrites.com,
10,DC White,DA10+Bronze,engineering consultancy uk,https://www.dcwhite.co.uk/,05/10/2023,36,How Engineering Consultancies Are Pioneering Commercial Oil Tank Disposal For Sustainability,https://skinnedcartree.com/how-engineering-consultancies-are-pioneering-commercial-oil-tank-disposal-for-sustainability.html,Corinne,Blog,£38,20/10/2023,skinnedcartree.com,#N/A,www.dcwhite.co.uk,skinnedcartree.com,www.dcwhite.co.ukskinnedcartree.com,
10,Scentair,DA30+Gold,scent marketing,https://scentair.com/en_gb/restaurants,05/10/2023,32,THE POWER OF SCENT: HOW SCENT MARKETING WORKS,https://hnmagazine.co.uk/features/the-power-of-scent-how-scent-marketing-works/,Angela Riches,Blog,£40,20/10/2023,hnmagazine.co.uk,#N/A,scentair.com,hnmagazine.co.uk,scentair.comhnmagazine.co.uk,
10,Devon & Cornwall Aesthetics,DA10+Bronze,aesthetics training courses,https://devonandcornwallaesthetics.co.uk/aesthetics-training-courses/,05/10/2023,15,Unlocking Opportunities: Aesthetics Training Courses And Their Career Benefits,https://alifeoflovely.com/unlocking-opportunities-aesthetics-training-courses-and-their-career-benefits/,Lu,Blog,£25,20/10/2023,alifeoflovely.com,#N/A,devonandcornwallaesthetics.co.uk,alifeoflovely.com,devonandcornwallaesthetics.co.ukalifeoflovely.com,
10,Kensington Systems,DA20+Silver,bike shelters for schools,https://www.kensingtonsystems.co.uk/aluminium-shelter/cycle-shelters-for-schools/,05/10/2023,21,FOSTERING HEALTHY HABITS: THE IMPORTANCE OF PROMOTING EXERCISE IN SCHOOLS,http://www.rawrhubarb.co.uk/2023/10/fostering-healthy-habits-importance-of.html,Jenna,Blog,£15,20/10/2023,www.rawrhubarb.co.uk,#N/A,www.kensingtonsystems.co.uk,www.rawrhubarb.co.uk,www.kensingtonsystems.co.ukwww.rawrhubarb.co.uk,
10,Acticare,DA20+Silver,nursing equipment for care homes,https://shop.acticareuk.com/Products/Nursing-and-Medical,05/10/2023,,Ensuring Quality Care: Nursing Equipment and Laundry Solutions for Care Homes,https://thisbrilliantday.com/health-and-wellbeing/ensuring-quality-care/,Sophie Harriet,Blog,£25,20/10/2023,thisbrilliantday.com,#N/A,shop.acticareuk.com,thisbrilliantday.com,shop.acticareuk.comthisbrilliantday.com,
10,Acticare,DA30+Gold,profiling beds,https://shop.acticareuk.com/Products/Profiling-Beds,05/10/2023,30,Comfort and Cleanliness in Commercial Settings: Profiling Beds and Commercial Washing Machines,https://www.newvalleynews.co.uk/frontpage-news/comfort-and-cleanliness-in-commercial-settings-profiling-beds-and-commercial-washing-machines/,Karl,Blog,£25,20/10/2023,www.newvalleynews.co.uk,#N/A,shop.acticareuk.com,www.newvalleynews.co.uk,shop.acticareuk.comwww.newvalleynews.co.uk,
10,SWSweb,DA20+Silver,website maintenance packages,https://swsweb.co.uk/services/website-maintenance/maintenance-packages,05/10/2023,43,"Strengthening Digital Fortresses: Web App Penetration Testing, CIPM Certification, and Website Maintenance Packages",https://businesspartnermagazine.com/strengthening-digital-fortresses-web-app-penetration-testing-cipm-certification-website-maintenance-packages/,Sandra Hinshelwood,Blog,£6,20/10/2023,businesspartnermagazine.com,#N/A,swsweb.co.uk,businesspartnermagazine.com,swsweb.co.ukbusinesspartnermagazine.com,
10,SWSweb,DA20+Silver,web maintenance services,https://swsweb.co.uk/services/website-maintenance,05/10/2023,22,"Enhancing Small Businesses: The Trio of Penetration Testing, IT Support, and Web Maintenance Services",https://www.keralpatel.com/enhancing-small-businesses-the-trio-of-penetration-testing-it-support-and-web-maintenance-services/,Keral Patel,Blog,£12,20/10/2023,www.keralpatel.com,#N/A,swsweb.co.uk,www.keralpatel.com,swsweb.co.ukwww.keralpatel.com,
10,Strategic Proposals,DA10+Bronze,bid writing course,https://www.strategicproposals.com/about-us/our-services-sp,05/10/2023,34,"Unlocking Business Success: The Power Of Bid Writing Courses, SEO Consultants, And GDPR Training Online",https://www.robinwaite.com/blog/unlocking-business-success-the-power-of-bid-writing-courses-seo-consultants-and-gdpr-training-online,Robin Waite,Blog,£12,20/10/2023,www.robinwaite.com,#N/A,www.strategicproposals.com,www.robinwaite.com,www.strategicproposals.comwww.robinwaite.com,
10,Gerry O Leary,DA10+Bronze,architectural photography,https://gerryoleary.com/architectural-photography/,05/10/2023,23,A Wedding Day at Berkeley Castle: Where History Meets Romance and Architectural Splendour,https://cocktailsinteacups.com/2023/10/a-wedding-day-at-berkeley-castle-where-history-meets-romance-and-architectural-splendour.html,Amy Walsh,Blog,£20,20/10/2023,cocktailsinteacups.com,#N/A,gerryoleary.com,cocktailsinteacups.com,gerryoleary.comcocktailsinteacups.com,
10,There Be Giants,DA20+Silver,engagement consulting,https://therebegiants.com/,05/10/2023,28,Transforming Businesses Through Consultative Expertise,https://mmbmagazine.co.uk/transforming-businesses-through-consultative-expertise/,Abbie,Blog,£15,20/10/2023,mmbmagazine.co.uk,#N/A,therebegiants.com,mmbmagazine.co.uk,therebegiants.commmbmagazine.co.uk,
10,AS Landscapes,DA20+Silver,artificial grass installer,https://www.as-landscapes.co.uk/artificial-grass/,05/10/2023,33,Crafting Lush and Low-Maintenance Gardens: The Role of Artificial Grass and Purbeck Stone,https://www.diydaddyblog.com/crafting-lush-and-low-maintenance-gardens-the-role-of-artificial-grass-and-purbeck-stone/,Nigel higgins,Blog,£38,20/10/2023,www.diydaddyblog.com,#N/A,www.as-landscapes.co.uk,www.diydaddyblog.com,www.as-landscapes.co.ukwww.diydaddyblog.com,
10,LV Fuel Services,DA30+Gold,oil tank disposal,https://www.lvfuelservices.co.uk/services/commercial/commercial-fuel-tank-removal/,05/10/2023,36,How Engineering Consultancies Are Pioneering Commercial Oil Tank Disposal For Sustainability,https://skinnedcartree.com/how-engineering-consultancies-are-pioneering-commercial-oil-tank-disposal-for-sustainability.html,Corinne,Blog,£38,20/10/2023,skinnedcartree.com,#N/A,www.lvfuelservices.co.uk,skinnedcartree.com,www.lvfuelservices.co.ukskinnedcartree.com,
10,LV Fuel Services,DA20+Silver,commercial oil tank services,https://www.lvfuelservices.co.uk/services/commercial/,09/10/2023,55,"GREEN INNOVATIONS: ENVIRONMENTAL BENEFITS OF SOLAR BATTERY INSTALLERS, INDUSTRIAL LED LIGHTING, AND COMMERCIAL OIL TANK SERVICES",https://justeilidh.com/sustainable-living/green-innovations-environmental-benefits-of-solar-battery-installers-industrial-led-lighting-and-commercial-oil-tank-services/,Eilidh,Blog,£33,20/10/2023,justeilidh.com,#N/A,www.lvfuelservices.co.uk,justeilidh.com,www.lvfuelservices.co.ukjusteilidh.com,
10,LED Futures,DA10+Bronze,industrial led lighting,https://www.ledfutureslighting.co.uk/,05/10/2023,55,"GREEN INNOVATIONS: ENVIRONMENTAL BENEFITS OF SOLAR BATTERY INSTALLERS, INDUSTRIAL LED LIGHTING, AND COMMERCIAL OIL TANK SERVICES",https://justeilidh.com/sustainable-living/green-innovations-environmental-benefits-of-solar-battery-installers-industrial-led-lighting-and-commercial-oil-tank-services/,Eilidh,Blog,£33,20/10/2023,justeilidh.com,#N/A,www.ledfutureslighting.co.uk,justeilidh.com,www.ledfutureslighting.co.ukjusteilidh.com,
10,Skipton Properties,DA20+Silver,houses for sale skipton,https://www.skiptonproperties.com/developments/the-alders/,05/10/2023,30,FROM QUOTES TO KEYS: THE JOURNEY OF LOFT CONVERSION QUOTES AND HOUSES FOR SALE IN SKIPTON,https://workingdaddy.co.uk/2023/10/27/from-quotes-to-keys-the-journey-of-loft-conversion-quotes-and-houses-for-sale-in-skipton/,Thomaz,Blog,£30,20/10/2023,workingdaddy.co.uk,#N/A,www.skiptonproperties.com,workingdaddy.co.uk,www.skiptonproperties.comworkingdaddy.co.uk,
10,WASHCO,DA20+Silver,laundry equipment for hospitality,https://www.washco.co.uk/hotels-and-hospitality/,06/10/2023,30,Ensuring Quality Care: Nursing Equipment and Laundry Solutions for Care Homes,https://thisbrilliantday.com/health-and-wellbeing/ensuring-quality-care/,Sophie Harriet,Blog,£25,20/10/2023,thisbrilliantday.com,#N/A,www.washco.co.uk,thisbrilliantday.com,www.washco.co.ukthisbrilliantday.com,
10,WASHCO,DA30+Gold,washing machines for commercial use,https://www.washco.co.uk/commercial-washing-machines-products/,06/10/2023,30,Comfort and Cleanliness in Commercial Settings: Profiling Beds and Commercial Washing Machines,https://www.newvalleynews.co.uk/frontpage-news/comfort-and-cleanliness-in-commercial-settings-profiling-beds-and-commercial-washing-machines/,Karl,Blog,£25,20/10/2023,www.newvalleynews.co.uk,#N/A,www.washco.co.uk,www.newvalleynews.co.uk,www.washco.co.ukwww.newvalleynews.co.uk,
10,Miles Stone,DA20+Silver,purbeck stone,https://www.milesstone.co.uk/products/purbeck-rockery-stone,09/10/2023,33,Crafting Lush and Low-Maintenance Gardens: The Role of Artificial Grass and Purbeck Stone,https://www.diydaddyblog.com/crafting-lush-and-low-maintenance-gardens-the-role-of-artificial-grass-and-purbeck-stone/,Nigel higgins,Blog,£38,20/10/2023,www.diydaddyblog.com,#N/A,www.milesstone.co.uk,www.diydaddyblog.com,www.milesstone.co.ukwww.diydaddyblog.com,
10,Overcoming MS,DA20+Silver,diet for multiple sclerosis,https://overcomingms.org/recovery-program/diet,09/10/2023,22,Nourishing Wellness: The Ideal Diet for Multiple Sclerosis,https://www.beautiful-solutions.co.uk/2023/10/nourishing-wellness-ideal-diet-for.html,Stacey,Blog,£40,20/10/2023,www.beautiful-solutions.co.uk,#N/A,overcomingms.org,www.beautiful-solutions.co.uk,overcomingms.orgwww.beautiful-solutions.co.uk,
10,City Hire,DA20+Silver,scaffold tower hire,https://www.cityhire.co.uk/products/access/towers/standard-tower?variation=single-width-tower-085m-short-platform-tower-16m&attachment=single-width-tower-085m-short-platform-tower-16m-23m-76,09/10/2023,31,Timber Soffits: A Sustainable Choice for Home Renovations,https://estateagentnetworking.co.uk/timber-soffits-a-sustainable-choice-for-home-renovations/,Christopher,Blog,£39,20/10/2023,estateagentnetworking.co.uk,#N/A,www.cityhire.co.uk,estateagentnetworking.co.uk,www.cityhire.co.ukestateagentnetworking.co.uk,
10,Mortgage Centre,DA10+Bronze,mortgage broker for doctors and nurses,https://mortgagecentreonline.co.uk/healthcare-professionals/,09/10/2023,31,"Maximising Space and Opportunity: The Benefits of Loft Conversions, Buy-to-Let Mortgages, and Mortgage Brokers for Healthcare Professionals",https://estateagentnetworking.co.uk/maximising-space-and-opportunity-the-benefits-of-loft-conversions-buy-to-let-mortgages-and-mortgage-brokers-for-healthcare-professionals/,Christopher,Blog,£26,20/10/2023,estateagentnetworking.co.uk,#N/A,mortgagecentreonline.co.uk,estateagentnetworking.co.uk,mortgagecentreonline.co.ukestateagentnetworking.co.uk,
10,City Hire,DA30+Gold,forced action mixer hire,https://www.cityhire.co.uk/products/concreting/mixers/forced-action-mixer?variation=mortar,09/10/2023,33,The Power of Forced Action Mixer Hire for DIY Projects,https://www.diydaddyblog.com/the-power-of-forced-action-mixer-hire-for-diy-projects/,Nigel higgins,Blog,£75,20/10/2023,www.diydaddyblog.com,#N/A,www.cityhire.co.uk,www.diydaddyblog.com,www.cityhire.co.ukwww.diydaddyblog.com,
10,CMP solutions,DA10+Bronze,business transformation consulting,https://cmpsolutions.ie/all-services/business-transformation/,11/10/2023,28,Transforming Businesses Through Consultative Expertise,https://mmbmagazine.co.uk/transforming-businesses-through-consultative-expertise/,Abbie,Blog,£15,20/10/2023,mmbmagazine.co.uk,#N/A,cmpsolutions.ie,mmbmagazine.co.uk,cmpsolutions.iemmbmagazine.co.uk,
10,YSE Ski,DA10+Bronze,SKI CHALET IN VAL D’ISÈRE,https://www.yseski.co.uk/our-chalets/,11/10/2023,55,A WINTER WONDERLAND AFFAIR: SKIING DESTINATION WEDDINGS IN VAL D’ISÈRE,https://www.spiritedpuddlejumper.com/a-winter-wonderland-affair-skiing-destination-weddings-in-val-disere/,Becky Freeman,Blog,£12,20/10/2023,www.spiritedpuddlejumper.com,#N/A,www.yseski.co.uk,www.spiritedpuddlejumper.com,www.yseski.co.ukwww.spiritedpuddlejumper.com,
10,Carter Electrical,DA10+Bronze,solar battery installers,https://carter-electrical.co.uk/battery-storage/,23/10/2023,55,"GREEN INNOVATIONS: ENVIRONMENTAL BENEFITS OF SOLAR BATTERY INSTALLERS, INDUSTRIAL LED LIGHTING, AND COMMERCIAL OIL TANK SERVICES",https://justeilidh.com/sustainable-living/green-innovations-environmental-benefits-of-solar-battery-installers-industrial-led-lighting-and-commercial-oil-tank-services/,Eilidh,Blog,£33,20/10/2023,justeilidh.com,#N/A,carter-electrical.co.uk,justeilidh.com,carter-electrical.co.ukjusteilidh.com,
10,DC White,Citation,na,https://www.dcwhite.co.uk/,20/10/2023,done,done,done,fatjoe,Link Insert,£50,20/10/2023,done,#N/A,www.dcwhite.co.uk,done,www.dcwhite.co.ukdone,
10,BCL Timber,Citation,na,https://bcltimberprojects.co.uk/,20/10/2023,done,done,done,fatjoe,Link Insert,£50,20/10/2023,done,#N/A,bcltimberprojects.co.uk,done,bcltimberprojects.co.ukdone,
